17:26:31,-31.98551178213843
17:26:33,-30.72509992890761
17:26:34,-31.28583399185991
17:26:36,-30.484132239709307
17:26:37,-29.868712689362717
17:26:38,-29.475924228068738
17:26:40,-30.017674058498514
17:26:41,-31.37610941910285
17:26:42,-30.93755133172619
17:26:44,-31.828358838934477
17:26:45,-31.55275549273755
17:26:47,-30.879664479036535
17:26:48,-29.056200689359166
17:26:49,-31.316197196291537
17:26:51,-32.648725108987726
17:26:52,-30.707096194693793
17:26:53,-37.79843780318461
17:26:55,-35.7199441594631
17:26:56,-35.05646716403577
17:26:57,-32.977766958701594
17:26:59,-35.58816921901187
17:27:0,-33.46807004901064
17:27:2,-34.639534394335655
17:27:3,-35.743256389838706
17:27:4,-34.560682376165765
17:27:6,-37.5207551764223
17:27:7,-35.51569030084826
17:27:8,-35.28177407464442
17:27:10,-35.20733081846228
17:27:11,-38.24333694635997
17:27:13,-39.38729734330074
17:27:14,-41.0326795810102
17:27:15,-40.26403541634987
17:27:17,-38.91768400206799
17:27:18,-38.603200850380134
17:27:20,-39.83975199915473
17:27:21,-40.109919702789725
17:27:22,-39.18374183338792
17:27:24,-39.98911497080715
17:27:25,-38.67100226146826
17:27:26,-41.6903534240508
17:27:28,-41.482766882859536
17:27:29,-42.04847937449158
17:27:31,-44.145125565512735
17:27:32,-42.786999987452404
17:27:33,-41.64321040500178
17:27:35,-41.35775007482742
17:27:36,-42.03117877836448
17:27:38,-37.3550620099125
17:27:39,-40.459491141888115
17:27:40,-42.39752467619066
17:27:42,-42.01498942487924
17:27:43,-37.581593068122224
17:27:45,-39.69431801813274
17:27:46,-41.513628040794366
17:27:47,-41.63891992136424
17:27:49,-38.309396711316865
17:27:50,-40.707776121699766
17:27:52,-39.95435602885343
17:27:53,-37.554262014038684
17:27:54,-36.561512748391856
17:27:56,-37.59905327801562
17:27:57,-34.80784099599066
17:27:59,-37.56696282177832
17:28:0,-35.23811085166869
17:28:1,-34.5041169153247
17:28:3,-38.447078741733925
17:28:4,-34.98210139948832
17:28:6,-33.260212127247556
17:28:7,-34.639337553184596
17:28:8,-36.931299782898755
17:28:10,-30.269067525542916
17:28:11,-36.80005090025679
17:28:13,-33.62589887664792
17:28:14,-33.26389765949495
17:28:15,-34.84020185076008
17:28:17,-35.1352512157542
17:28:18,-31.214142481631875
17:28:20,-35.35191819563723
17:28:21,-37.57766028986171
17:28:22,-36.44064442988536
17:28:24,-30.851660395404092
17:28:25,-35.411500153591156
17:28:27,-34.970000669518754
17:28:28,-31.484935778222916
17:28:29,-33.294407975310406
17:28:31,-32.64470287400003
17:28:32,-34.343480176441304
17:28:33,-36.4681815305707
17:28:35,-33.62548617749693
17:28:36,-31.687224095014386
17:28:38,-36.128764887906335
17:28:39,-34.999262158510675
17:28:40,-36.506233935245774
17:28:42,-34.479682113205996
17:28:43,-37.16475281243105
17:28:45,-34.97570523260662
17:28:46,-36.68031431819323
17:28:48,-34.13856390371144
17:28:49,-33.37204259260284
17:28:50,-34.412912848391514
17:28:52,-33.1607521810579
17:28:53,-32.71774804754281
17:28:55,-31.689973216206617
17:28:56,-29.653283970375362
17:28:58,-31.171290051057245
17:28:59,-33.502961365057146
17:29:0,-31.59457103852665
17:29:2,-35.065182342987114
17:29:3,-33.67731273466839
17:29:4,-29.855966724599536
17:29:6,-33.69804346620715
17:29:7,-32.8179112883675
17:29:9,-31.647703227435116
17:29:10,-26.57961190881035
17:29:11,-31.445834968958337
17:29:13,-25.481999787329933
17:29:14,-24.19276779786447
17:29:16,-25.690756899782073
17:29:17,-22.554254927682294
17:29:18,-23.847086855018333
17:29:20,-26.427803009423208
17:29:21,-22.133042015682886
17:29:22,-23.07521992442286
17:29:24,-17.11534079342218
17:29:25,-22.5276391288015
17:29:27,-21.114059921232084
17:29:28,-23.157646290641306
17:29:29,-19.89227095744978
17:29:31,-18.604714874852625
17:29:32,-26.154488588291237
17:29:34,-24.378750465893884
17:29:35,-17.418307664559403
17:29:36,-21.547039460090414
17:29:38,-21.184674623706485
17:29:39,-23.48488599205559
17:29:40,-27.4251513737619
17:29:42,-15.743222841827876
17:29:43,-20.774999154227732
17:29:45,-23.715177137723682
17:29:46,-24.283627313284825
17:29:47,-18.4195878593436
17:29:49,-23.76695625888253
17:29:50,-22.278845488147823
17:29:52,-19.680424648929215
17:29:53,-22.335322836497458
17:29:55,-24.781150178634416
17:29:56,-26.442723196879264
17:29:57,-23.70638856161547
17:29:59,-21.24540132505195
17:30:0,-29.45559355659168
17:30:2,-23.58143783929705
17:30:3,-23.13452665099288
17:30:4,-18.991316663647957
17:30:6,-21.140957547329155
17:30:7,-21.51770024643878
17:30:9,-22.665744844984044
17:30:10,-25.026174604773402
17:30:11,-22.15620893252714
17:30:13,-26.89362238255854
17:30:14,-16.924437032143743
17:30:15,-27.512062446714655
17:30:17,-24.689933619429596
17:30:18,-21.57574719941377
17:30:20,-22.161331922341773
17:30:21,-23.370891673744644
17:30:22,-27.236718297184535
17:30:24,-19.754463328573777
17:30:25,-22.270308726100588
17:30:27,-26.631130544728528
17:30:28,-27.155494063561015
17:30:29,-26.18905550609973
17:30:31,-24.43374841560132
17:30:32,-25.652672541383907
17:30:33,-28.050770645865338
17:30:35,-21.580566592818442
17:30:36,-29.436576507368027
17:30:38,-31.18022584883194
17:30:39,-28.070700741397214
17:30:40,-30.53933196021097
17:30:42,-29.535103974249882
17:30:43,-34.53157384824706
17:30:44,-32.08022845128201
17:30:46,-30.19332415620045
17:30:47,-33.12623565315144
17:30:48,-34.49610475150345
17:30:50,-32.181708245190705
17:30:51,-35.92286834797094
17:30:53,-39.587406854574525
17:30:54,-32.94783601145773
17:30:55,-27.307941659465378
17:30:57,-30.005657941009144
17:30:58,-29.708584926503594
17:30:59,-26.73046540745524
17:31:1,-24.81470099338329
17:31:2,-25.161425434499414
17:31:4,-25.000820118210882
17:31:5,-25.035176792459865
17:31:6,-24.343968309945577
17:31:8,-23.16381876922965
17:31:9,-24.019935894217323
17:31:10,-24.37403089540691
17:31:12,-23.761109204451472
17:31:13,-23.215112338073286
17:31:14,-23.240251088022926
17:31:16,-23.38728347138913
17:31:17,-25.025228272133017
17:31:19,-25.870614626604393
17:31:20,-26.424312883769478
17:31:21,-25.11439151546673
17:31:23,-27.461068038669517
17:31:24,-25.928817885325365
17:31:25,-26.14311155689584
17:31:27,-27.43634739290677
17:31:28,-27.9183816416124
17:31:29,-27.743772042536584
17:31:31,-25.949425190305142
17:31:32,-28.36737394401291
17:31:34,-28.519478512530174
17:31:35,-23.95854942907761
17:31:36,-24.442904537175018
17:31:38,-26.957714451351404
17:31:39,-26.874342618582165
17:31:41,-23.62315156575017
17:31:42,-23.72774524766596
17:31:43,-23.26097346696267
17:31:45,-23.783092222642953
17:31:46,-22.111036466271706
17:31:48,-24.203754990780286
17:31:49,-23.590576711014116
17:31:50,-24.621522420463894
17:31:52,-25.76066468032057
17:31:53,-24.574388901299272
17:31:54,-26.957389354575657
17:31:56,-28.4539598429355
17:31:57,-28.990122962251498
17:31:59,-28.690705711258268
17:32:0,-30.481049697915278
17:32:2,-32.551348620774
17:32:3,-33.235812231099395
17:32:4,-31.180628147962196
17:32:6,-27.54002770824631
17:32:7,-34.86418271636989
17:32:9,-34.06351327070154
17:32:10,-36.07400890769574
17:32:12,-36.17505209668876
17:32:13,-35.933313327910035
17:32:14,-36.11818479525646
17:32:16,-34.91874793365101
17:32:17,-32.9769189992406
17:32:19,-35.78546377525364
17:32:20,-37.46492560913563
17:32:21,-36.880924401001195
17:32:23,-38.69980296979281
17:32:24,-38.317579160236825
17:32:26,-33.23067460285317
17:32:27,-38.85697104613826
17:32:29,-32.01891403454708
17:32:30,-37.09533985564749
17:32:31,-37.266149856475124
17:32:33,-36.38812419407206
17:32:34,-35.36067829446721
17:32:36,-38.89506155622697
17:32:37,-38.84635545358512
17:32:39,-38.924399753989405
17:32:40,-44.480671970266165
17:32:42,-41.520619128295365
17:32:43,-42.64765139485053
17:32:44,-39.33277147623101
17:32:46,-43.27660271813444
17:32:47,-43.475942332940264
17:32:48,-42.21126825793604
17:32:50,-45.348492273109514
17:32:51,-44.12492883228837
17:32:53,-40.44192087363837
17:32:54,-44.2093561259023
17:32:55,-43.00031646881655
17:32:57,-42.16620071411483
17:32:58,-46.29587101566362
17:33:0,-47.51093643209202
17:33:1,-45.289955232115915
17:33:3,-43.84970161379657
17:33:4,-47.58484797793757
17:33:6,-45.345505978719636
17:33:7,-47.38377209580442
17:33:9,-46.69486945838631
17:33:10,-45.85649257749328
17:33:11,-45.99255266949214
17:33:13,-42.59924004226373
17:33:14,-45.85158648573805
17:33:16,-42.61903753191873
17:33:17,-46.68059125338456
17:33:19,-43.953679330463764
17:33:20,-37.18518802641598
17:33:21,-41.14846675147735
17:33:23,-44.14602596835269
17:33:24,-38.6130401461606
17:33:26,-41.076947190655446
17:33:27,-42.517723730794295
17:33:28,-45.118062156129426
17:33:30,-45.57302148780749
17:33:31,-41.09650705159807
17:33:33,-41.82027692797499
17:33:34,-43.37200464022072
17:33:35,-42.22246807245716
17:33:37,-42.974200390291124
17:33:38,-43.394256925890986
17:33:39,-43.818329577230486
17:33:41,-44.515487922479345
17:33:42,-45.33537035480378
17:33:44,-42.068744590176415
17:33:45,-42.5773800957035
17:33:46,-44.143948551875745
17:33:48,-44.350695502470955
17:33:49,-45.111782520106004
17:33:50,-43.2226075980808
17:33:52,-41.21043420226783
17:33:53,-38.8883194938878
17:33:55,-42.94048596753103
17:33:56,-42.725627781256755
17:33:57,-41.5285361349659
17:33:59,-41.87672356623362
17:34:0,-43.00299844671422
17:34:2,-41.348443299188716
17:34:3,-40.98040416950429
17:34:4,-41.958533854780796
17:34:6,-41.99020255491882
17:34:7,-37.75004692785722
17:34:9,-39.83974450621844
17:34:10,-37.50090631504361
17:34:11,-34.75486716696698
17:34:13,-37.49704678196767
17:34:14,-35.34363297039783
17:34:16,-30.392040611846895
17:34:17,-31.302992887179837
17:34:18,-37.83598354948149
17:34:20,-36.00897546758479
17:34:21,-31.25856748164205
17:34:23,-32.50400164616365
17:34:24,-35.95619791302838
17:34:26,-30.44481472888068
17:34:27,-36.184655849588836
17:34:28,-31.14759149850493
17:34:30,-34.69574370352883
17:34:31,-32.7325800257874
17:34:32,-33.964941478387345
17:34:34,-29.71004926584081
17:36:36,-34.90850543416804
17:36:37,-35.105264359779994
17:36:39,-35.80212245059563
17:36:40,-34.051208908545306
17:36:41,-33.256887385642344
17:36:43,-33.44624160662951
17:36:44,-34.95764964752673
17:36:46,-31.827405189719506
17:36:47,-33.805472908579624
17:36:48,-33.44518670424405
17:36:50,-33.30599113151715
17:36:51,-36.51614814585133
17:36:53,-33.13154758870421
17:36:54,-35.14168485421651
17:36:55,-32.989461572616186
17:36:57,-35.446391328100844
17:36:58,-35.73246267002438
17:37:0,-36.661970361277476
17:37:1,-35.2789884941035
17:37:2,-35.42048873505375
17:37:4,-34.516405720203316
17:37:5,-35.37684205998951
17:37:6,-35.81167780465468
17:37:8,-34.03230147978343
17:37:9,-34.24930006597136
17:37:11,-35.809820890662024
17:37:12,-34.68617366246365
17:37:13,-36.369867983924394
17:37:15,-37.18415196460144
17:37:16,-36.756936904574644
17:37:17,-34.79195825100757
17:37:19,-35.60186006457262
17:37:20,-34.01682465561301
17:37:22,-35.59340699328044
17:37:23,-34.90302399527255
17:37:24,-35.83214269880336
17:37:26,-31.795876464322085
17:37:27,-33.1734370114641
17:37:29,-35.46045906087639
17:37:30,-34.081358819491506
17:37:31,-32.464528289295764
17:37:33,-37.05285007806601
17:37:34,-31.57799479607896
17:37:36,-34.211819481454874
17:37:37,-30.82558249098065
17:37:38,-33.96939667900905
17:37:40,-35.4333392833056
17:37:41,-38.189879096919526
17:37:43,-30.936453476334155
17:37:44,-25.58305254136414
17:37:45,-32.7946364073284
17:37:47,-32.619594515754045
17:37:48,-33.23163904931004
17:37:50,-33.15354683601083
17:37:51,-28.269565047552078
17:37:52,-32.13176339276043
17:37:54,-26.71348583675193
17:37:55,-34.07154268563351
17:37:57,-31.728681284159602
17:37:58,-31.358870346864265
17:37:59,-35.3521641555233
17:38:1,-30.331712028045853
17:38:2,-32.24028543341667
17:38:3,-27.502333483112746
17:38:5,-29.812227542273092
17:38:6,-29.828127380137648
17:38:8,-36.479292140895275
17:38:9,-32.95414876631746
17:38:10,-33.98544117505513
17:38:12,-35.92710577818054
17:38:13,-36.574829671802846
17:38:15,-34.96842242964098
17:38:16,-33.49795042285471
17:38:17,-32.515993448089134
17:38:19,-30.733313726289957
17:38:20,-31.616211871477645
17:38:22,-31.795856481478438
17:38:23,-29.517411102857718
17:38:24,-30.764308876453747
17:38:26,-29.159349112039603
17:38:27,-25.818875990709216
17:38:28,-30.959420889323024
17:38:30,-30.212325631271277
17:38:31,-30.667503203149312
17:38:33,-30.077135051550265
17:38:34,-32.57616039813052
17:38:36,-30.714841207185273
17:38:37,-31.056650170784593
17:38:38,-33.762870322669514
17:38:40,-33.366552984612
17:38:41,-34.76243398670887
17:38:43,-36.58307690084639
17:38:44,-34.4900797565501
17:38:45,-33.17988640228249
17:38:47,-30.12880334674935
17:38:48,-32.83825475354776
17:38:50,-35.11375310705454
17:38:51,-30.722018936148892
17:38:52,-34.47165282552599
17:38:54,-35.795842567290364
17:38:55,-33.42671420186172
17:38:57,-33.41770911837663
17:38:58,-28.50496960670155
17:39:0,-28.52020935478795
17:39:1,-30.08904381676164
17:39:2,-29.215101326384676
17:39:4,-28.74390887021506
17:39:5,-26.232668719372963
17:39:7,-28.957987016421363
17:39:8,-32.401059539900594
17:39:9,-20.461451611324648
17:39:11,-28.69876297698959
17:39:12,-26.156538416200014
17:39:14,-29.11222112346045
17:39:15,-27.414543126573257
17:39:16,-25.837176441989953
17:39:18,-27.84021529374918
17:39:19,-21.30897282106822
17:39:21,-23.715894933521856
17:39:22,-23.540039422363353
17:39:23,-23.68114358622688
17:39:25,-25.70195595772355
17:39:26,-27.009835250549287
17:39:28,-24.255365461480704
17:39:29,-26.27559133017425
17:39:30,-28.307027829191554
17:39:32,-26.880520644339967
17:39:33,-23.01428907662214
17:39:35,-24.726162553235813
17:39:36,-20.95412225357283
17:39:37,-22.682730976804937
17:39:39,-25.788750161863454
17:39:40,-25.74704820138418
17:39:42,-25.25093970560316
17:39:43,-28.431044691830643
17:39:44,-26.261516968862214
17:39:46,-27.174351642666664
17:39:47,-28.833687751766167
17:39:48,-27.120074015071054
17:39:50,-25.64019247419415
17:39:51,-23.697549782115527
17:39:53,-20.13207132241108
17:39:54,-19.325785189107986
17:39:55,-24.5589929562789
17:39:57,-21.86590522248505
17:39:58,-25.276745651831696
17:40:0,-25.41083701694039
17:40:1,-24.95291509676828
17:40:2,-28.24565875562101
17:40:4,-29.554948125890803
17:40:5,-28.653225074013818
17:40:7,-29.725624465832038
17:40:8,-29.401471218451217
17:40:9,-31.104931478058443
17:40:11,-29.003996043672075
17:40:12,-31.578900349757294
17:40:14,-30.42712393679917
17:40:15,-30.019493142988154
17:40:16,-26.108900369953133
17:40:18,-26.60412351424529
17:40:19,-32.04260623853771
17:40:21,-30.757567523795327
17:40:22,-28.19251808146646
17:40:24,-27.834192027140965
17:40:25,-29.052634512268245
17:40:26,-29.973410874998848
17:40:28,-28.9904324561695
17:40:29,-29.930134156308725
17:40:31,-26.949004330734056
17:40:32,-25.31178190553402
17:40:33,-25.09712211768731
17:40:35,-21.75214405991083
17:40:36,-21.37986428120273
17:40:37,-21.543499882271785
17:40:39,-24.23823301547984
17:40:40,-24.732906522462205
17:40:42,-24.233566667686
17:40:43,-23.67407787357103
17:40:44,-26.40265943510513
17:40:46,-30.79359578403105
17:40:47,-24.79411517626753
17:40:49,-26.014200953841204
17:40:50,-26.18913640043567
17:40:51,-21.746305988497813
17:40:53,-26.00358149367578
17:40:54,-23.746400367087755
17:40:56,-25.716010299577658
17:40:57,-22.449053806934014
17:40:58,-20.558252742001105
17:41:0,-19.388136872082605
17:41:1,-25.566867623972342
17:41:2,-21.887263274596567
17:41:4,-22.066719009679492
17:41:5,-23.547599445792553
17:41:6,-23.024177274569432
17:41:8,-19.260778767677927
17:41:9,-21.37682123215122
17:41:11,-16.59305441301206
17:41:12,-22.09660910340604
17:41:13,-18.382356610859524
17:41:15,-28.458157352460837
17:41:16,-25.569399819606563
17:41:18,-26.106853819869006
17:41:19,-19.93362379141787
17:41:20,-24.18012873173705
17:41:22,-25.42254548711714
17:41:23,-19.54425901352558
17:41:25,-14.706527029492351
17:41:26,-19.81808070040668
17:41:27,-23.70092730658517
17:41:29,-25.41079929499216
17:41:30,-19.31226714083754
17:41:32,-19.435767396110787
17:41:33,-24.628370131710664
17:41:34,-23.990166825965943
17:41:36,-26.93950843779809
17:41:37,-26.568134284124554
17:41:38,-25.793573219664218
17:41:40,-22.910959963479698
17:41:41,-24.178244801369388
17:41:43,-24.1767413389316
17:41:44,-19.030806081422686
17:41:46,-19.264662769163092
17:41:47,-25.795988262301506
17:41:48,-22.322540979003204
17:41:50,-23.274174280441894
17:41:51,-22.574471783856357
17:41:53,-20.29196348083115
17:41:54,-22.812455750798406
17:41:55,-22.427689105406984
17:41:57,-20.72473895230265
17:41:58,-20.240883931595125
17:41:59,-23.57123460152268
17:42:1,-24.866735629701044
17:42:2,-24.21112341927913
17:42:4,-23.697381668338426
17:42:5,-22.571512601576348
17:42:6,-11.477868437188743
17:42:8,-13.730228684163313
17:42:9,-12.202491168720917
17:42:11,-13.825153421620687
17:42:12,-22.026078272807208
17:42:13,-14.917628893563077
17:42:15,-17.31203453881722
17:42:16,-18.15822219317885
17:42:18,-18.294020473590468
17:42:19,-17.799773615171937
17:42:20,-17.886460874853448
17:42:22,-16.583905298305563
17:42:23,-17.339254630816473
17:42:25,-17.55814969575796
17:42:26,-16.52243799072607
17:42:27,-18.40489414251594
17:42:29,-16.94331426153193
17:42:30,-16.531380963750767
17:42:32,-15.621366545706689
17:42:33,-15.290688722851327
17:42:34,-17.48289603095775
17:42:36,-18.303542808475314
17:42:37,-16.660311345625995
17:42:38,-15.368796533956345
17:42:40,-16.42670837809598
17:42:41,-14.70088287735791
17:42:43,-20.013292824560626
17:42:44,-15.483555213296354
17:42:45,-16.738130883986578
17:42:47,-23.876031685239624
17:42:48,-24.247284671144193
17:42:50,-22.541396819876827
17:42:51,-22.106389166320394
17:42:52,-22.011629164726493
17:42:54,-29.00685753046759
17:42:55,-25.410816914989603
17:42:57,-21.311389944477753
17:42:58,-27.849081131595867
17:42:59,-24.885089900960562
17:43:1,-24.24759188937292
17:43:2,-16.18045212385769
17:43:4,-18.519589968023514
17:43:5,-22.39654672686556
17:43:6,-19.541958322984772
17:43:8,-30.077159273594752
17:43:9,-27.85037976045404
17:43:11,-26.029115558982618
17:43:12,-23.163246597646054
17:43:13,-27.84215406701186
17:43:15,-33.22336134005299
17:43:16,-33.01518442066938
17:43:18,-26.02958834405125
17:43:19,-24.728763162407795
17:43:21,-30.8308711751096
17:43:22,-33.21639312198814
17:43:23,-29.282518486966005
17:43:25,-31.433861171996007
17:43:26,-28.960712129159756
17:43:28,-27.936519796193306
17:43:29,-32.18874299524212
17:43:30,-22.753086581982444
17:43:32,-32.19094247116487
17:43:33,-30.389706632546773
17:43:35,-27.725159305190154
17:43:36,-33.52255423596075
17:43:37,-28.632307249462855
17:43:39,-29.568944120261964
17:43:40,-26.352907234792685
17:43:42,-34.37460493701165
17:43:43,-28.923176309617663
17:43:44,-33.40299535450748
17:43:46,-26.537420140426487
17:43:47,-26.37096724070606
17:43:49,-26.619381899707033
17:43:50,-29.657682392978487
17:43:52,-34.714559051751515
17:43:53,-31.812696552772426
17:43:54,-35.730594929652916
17:43:56,-25.420099131922953
17:43:57,-32.13805443474535
17:43:59,-27.271722950772244
17:44:0,-31.91193198230788
17:44:2,-26.14905105605488
17:44:3,-32.758699810692605
17:44:4,-31.606508820251648
17:44:6,-31.919640656666814
17:44:7,-32.75093196402877
17:44:9,-29.653331069258773
17:44:10,-31.273596693993305
17:44:11,-33.676217655819386
17:44:13,-34.135451442731195
17:44:14,-32.6427340386541
17:44:16,-34.83662638068236
17:44:17,-31.138812851715592
17:44:18,-32.218062750783666
17:44:20,-33.488713736270796
17:44:21,-33.21424253191732
17:44:23,-35.22809099032703
17:44:24,-31.575706400035976
17:44:25,-36.29648558341419
17:44:27,-33.691969590026495
17:44:28,-35.39563813703264
17:44:30,-40.36722369520922
17:44:31,-39.292881047477294
17:44:32,-27.747707321765887
17:44:34,-38.63457123070346
17:44:35,-36.415761597164106
17:44:36,-42.20128777122879
17:44:38,-37.65437519141817
17:44:39,-36.61661601598414
17:44:41,-35.29469468563227
17:44:42,-37.91998432229273
17:44:44,-31.72469611395468
17:44:45,-37.90441988635147
17:44:47,-37.97236079994997
17:44:48,-37.27690892770144
17:44:49,-39.16776839436953
17:44:51,-40.42097069572903
17:44:52,-39.17667651528655
17:44:53,-40.69456277317257
17:44:55,-40.43277865828482
17:44:56,-39.39906857022649
17:44:58,-38.690982137611826
17:44:59,-42.205989256172714
17:45:0,-39.79820572011037
17:45:2,-37.51637359700714
17:45:3,-37.413582648326724
17:45:5,-38.21567091818694
17:45:6,-37.225084083070335
17:45:7,-36.34426912775744
17:45:9,-36.72661058143383
17:45:10,-39.7385218663652
17:45:12,-39.551175405834044
17:45:13,-39.93845930681029
17:45:14,-36.82538855884254
17:45:16,-37.78516581485148
17:45:17,-37.40124764117497
17:45:19,-39.96141165726224
17:45:20,-37.15546901877965
17:45:21,-37.388511403416175
17:45:23,-39.82037680839367
17:45:24,-39.9863513915342
17:45:26,-40.64550261639373
17:45:27,-40.74805296281045
17:45:28,-41.09816389115416
17:45:30,-40.0980371683731
17:45:31,-37.892518281320406
17:45:32,-37.54293339766888
17:45:34,-42.43436925768549
17:45:35,-41.60023043578757
17:45:37,-37.13927842772699
17:45:38,-42.45391382829861
17:45:39,-39.582514428488466
17:45:41,-39.07592925135009
17:45:42,-38.900598711285305
17:45:44,-39.198664579907415
17:45:45,-36.779548246755176
17:45:46,-43.07321792419814
17:45:48,-40.82394868775765
17:45:49,-38.949667945027144
17:45:51,-35.786838582858
17:45:52,-33.13066992542798
17:45:53,-36.33040470880432
17:45:55,-37.11204097120591
17:45:56,-35.40769031352739
17:45:58,-32.586560716278484
17:45:59,-35.5928078536888
17:46:0,-34.40881167961835
17:46:2,-36.34765613980723
17:46:3,-39.983097669677214
17:46:5,-27.68550119870456
17:46:6,-36.687392710752
17:46:7,-38.27612451604217
17:46:9,-38.91457032727308
17:46:10,-37.424038602960394
17:46:11,-34.08786001464441
17:46:13,-35.09652250278472
17:46:14,-37.619288578267344
17:46:16,-35.367561134597935
17:46:17,-35.9003267639923
17:46:18,-40.804577099797264
17:46:20,-39.435849939191094
17:46:21,-40.813385300647084
17:46:22,-38.039312672053384
17:46:24,-38.17791703158665
17:46:25,-38.72437348886281
17:46:27,-35.300302625432074
17:46:28,-36.681094216831966
17:46:29,-36.67190770616616
17:46:31,-34.95925836104562
17:46:32,-35.07484309356415
17:46:33,-35.33780440452475
17:46:35,-34.37969731250631
17:46:36,-36.93980415434195
17:46:37,-32.99285066970811
17:46:39,-37.68543314989646
17:46:40,-35.91619511323528
17:46:42,-37.77060999294242
17:46:43,-37.82611318990418
17:46:44,-36.957298337556274
17:46:46,-39.5282880148005
17:46:47,-37.778740259706126
17:46:48,-41.62275643425523
17:46:50,-40.14927821994661
17:46:51,-39.976756015708865
17:46:52,-36.3351756604836
17:46:54,-41.00429513621017
17:46:55,-40.438174995706504
17:46:57,-38.70163229213915
17:46:58,-39.32893707817928
17:46:59,-37.54434699368183
17:47:1,-37.930905398877556
17:47:2,-37.34185383552772
17:47:3,-37.95636401437648
17:47:5,-41.43062566354801
17:47:6,-42.12081288742869
17:47:7,-43.45738886061219
17:47:9,-43.63716302522623
17:47:10,-36.11547570177714
17:47:12,-35.64873672967833
17:47:13,-40.20784481299634
17:47:14,-39.1620694551066
17:47:16,-40.68386454367341
17:47:17,-38.101949875679615
17:47:18,-39.29020494498569
17:47:20,-36.51553852779642
17:47:21,-38.3283733233769
17:47:22,-35.32860484955875
17:47:24,-38.44008092279849
17:47:25,-37.619072843954385
17:47:27,-38.99149700765861
17:47:28,-39.85709026444667
17:47:29,-40.42232507333266
17:47:31,-38.544551413788
17:47:32,-40.12835976140046
17:47:33,-40.82671487447186
17:47:35,-42.504280744525715
17:47:36,-41.50779504004895
17:47:37,-41.0552193702313
17:47:39,-42.89511044827986
17:47:40,-42.654460489182576
17:47:42,-42.90939375324015
17:47:43,-41.43509307945148
17:47:44,-41.62826904603683
17:47:46,-42.3557278267294
17:47:47,-42.623270022163624
17:47:48,-40.66377126347848
17:47:50,-44.14770509868117
17:47:51,-42.07157613338498
17:47:52,-41.23199369094843
17:47:54,-42.51839973401679
17:47:55,-41.306413940003054
17:47:57,-42.01362021404954
17:47:58,-42.47658197272934
17:47:59,-41.73678303630925
17:48:1,-38.7946061289388
17:48:2,-42.41337084521837
17:48:3,-40.47306211931062
17:48:5,-37.27514983830752
17:48:6,-35.28023775136549
17:48:8,-39.2728624667103
17:48:9,-38.66661880783927
17:48:10,-40.53307109303589
17:48:12,-39.510059325443514
17:48:13,-39.97128288603425
17:48:14,-42.94092488235724
17:48:16,-41.780593550751405
17:48:17,-42.133260501385806
17:48:19,-42.03477412029939
17:48:20,-42.711339043276965
17:48:21,-42.70438543639444
17:48:23,-40.68769315790901
17:48:24,-41.810920994345786
17:48:25,-37.810449011510755
17:48:27,-36.01872220947592
17:48:28,-41.93163881467087
17:48:30,-43.67370701872087
17:48:31,-42.55674244582786
17:48:32,-44.07083520540621
17:48:34,-44.967108257877214
17:48:35,-44.33804694869707
17:48:36,-44.84475183389505
17:48:38,-45.238328591797895
17:48:39,-45.825825260735414
17:48:41,-42.79125744903514
17:48:42,-45.54666243411228
17:48:43,-42.8178232872022
17:48:45,-45.22916196746449
17:48:46,-43.84687741916858
17:48:47,-46.11392725581446
17:48:49,-43.71083722261033
17:48:50,-44.43374868684338
17:48:52,-43.05160664980087
17:48:53,-44.08310134982193
17:48:54,-42.63560754058275
17:48:56,-43.12272133395403
17:48:57,-45.398794561927254
17:48:59,-45.2650583538695
17:49:0,-43.50535970098175
17:49:1,-43.20258141782639
17:49:3,-42.44575170132998
17:49:4,-44.68953237096009
17:49:5,-41.597959595405776
17:49:7,-43.14039536996226
17:49:8,-41.97768298903959
17:49:10,-44.35870163012584
17:49:11,-41.97675075226723
17:49:12,-39.38631177872392
17:49:14,-39.850635044448936
17:49:15,-39.363449251670694
17:49:16,-38.79284876102708
17:49:18,-39.67120038969061
17:49:19,-38.146309939709894
17:49:21,-43.67125378266665
17:49:22,-45.66722888935744
17:49:23,-41.95286092875247
17:49:25,-41.49470985369905
17:49:26,-46.10211562044043
17:49:28,-44.995318764760945
17:49:29,-43.48836330854609
17:49:30,-39.790107943705856
17:49:32,-45.390899910559035
17:49:33,-46.47498705478437
17:49:35,-44.47243988587876
17:49:36,-45.366260703754534
17:49:37,-43.57096914997675
17:49:39,-45.776290260186634
17:49:40,-43.67302665680998
17:49:42,-41.907410460176884
17:49:43,-43.34386766532336
17:49:44,-44.49245799730637
17:49:46,-44.65687445957022
17:49:47,-42.99686942766712
17:49:49,-43.049340699302185
17:49:50,-40.70399407810122
17:49:51,-42.82500900123012
17:49:53,-44.65079689302394
17:49:54,-39.52678633735019
17:49:55,-43.65591678400893
17:49:57,-40.06737036689724
17:49:58,-41.46558870391905
17:50:0,-38.04390733824626
17:50:1,-36.958007223678166
17:50:2,-41.77197606872543
17:50:4,-43.826203497333545
17:50:5,-43.586278084876334
17:50:6,-43.93749336921053
17:50:8,-43.87205925060488
17:50:9,-40.223936140091666
17:50:11,-41.13693839086366
17:50:12,-44.26209740219886
17:50:13,-45.790923845454074
17:50:15,-46.081474091591474
17:50:16,-44.65318410642939
17:50:18,-43.81493318303125
17:50:19,-47.91204405398693
17:50:20,-44.46336486286329
17:50:22,-47.80855634969649
17:50:23,-48.05411651178726
17:50:25,-47.80858449834764
17:50:26,-47.86570593984323
17:50:27,-45.32268459496396
17:50:29,-45.21677215296914
17:50:30,-46.50299304171806
17:50:31,-45.78564503246448
17:50:33,-41.58488812378788
17:50:34,-34.266577708605766
17:50:36,-42.47789129661288
17:50:37,-42.261952082335306
17:50:39,-47.28727179260957
17:50:40,-44.80848343795054
17:50:41,-44.97454618894733
17:50:43,-42.48979207658748
17:50:44,-46.29252195495105
17:50:46,-43.50361012940113
17:50:47,-45.77796576977023
17:50:48,-43.956996564293064
17:50:50,-39.83480923540366
17:50:51,-45.5871087934866
17:50:53,-45.16328046548405
17:50:54,-44.01426321435185
17:50:55,-45.33126398942596
17:50:57,-45.003672820401555
17:50:58,-45.70502706735048
17:51:0,-43.79051983130455
17:51:1,-45.627185545696605
17:51:2,-44.39333858305541
17:52:21,-42.515515442870104
17:52:23,-43.86224614353555
17:52:24,-42.59347723973856
17:52:26,-42.10026826845852
17:52:27,-41.72492030038231
17:52:29,-42.43968855135573
17:52:30,-41.885565018635575
17:52:31,-37.97158629267031
17:52:33,-37.92026078652356
17:52:34,-37.55496977530914
17:52:36,-38.62837018502529
17:52:37,-39.620346339663726
17:52:39,-40.469849730742425
17:52:40,-38.36452912856495
17:52:41,-38.49620132961336
17:52:43,-33.8342452546848
17:52:44,-38.77068108981519
17:52:46,-40.346943128816676
17:52:47,-39.37541359174378
17:52:48,-39.21952531210338
17:52:50,-38.53741584102342
17:52:51,-38.01123689011575
17:52:53,-41.07832206238168
17:52:54,-34.29416689259917
17:52:55,-44.59468295461032
17:52:57,-39.06779900235668
17:52:58,-41.73435523005253
17:53:0,-47.83284498187518
17:53:1,-38.189541696713654
17:53:2,-44.16870411352193
17:53:4,-46.61327428793978
17:53:5,-48.18035346636304
17:53:6,-48.61553211934489
17:53:8,-45.687760783744615
17:53:9,-45.86648534214191
17:53:11,-43.81981408781929
17:53:12,-45.11082002144923
17:53:14,-45.56694567189294
17:53:15,-46.34939867403002
17:53:16,-47.66150888446796
17:53:18,-48.65870338875516
17:53:19,-48.107197207602155
17:53:20,-48.401064392472996
17:53:22,-46.94062408205767
17:53:23,-45.10827356811621
17:53:25,-46.98273815135095
17:53:26,-45.124818695502356
17:53:27,-47.52384625003549
17:53:29,-46.71334690239186
17:53:30,-46.72767376934529
17:53:32,-50.53358467877064
17:53:33,-47.64365212818965
17:53:34,-51.811020105181385
17:53:36,-50.005018022020515
17:53:37,-47.6267842223766
17:53:39,-47.9085388626335
17:53:40,-49.062616774505855
17:53:41,-49.00030411741621
17:53:43,-50.035070550295224
17:53:44,-49.89624502117266
17:53:46,-49.45174017135116
17:53:47,-46.54719635570928
17:53:48,-48.03789337971555
17:53:50,-46.513830041277416
17:53:51,-49.361184581582634
17:53:53,-49.21434169979644
17:53:54,-49.92805326758098
17:53:56,-49.12173681144119
17:53:57,-45.684013001514046
17:53:58,-45.65399020078012
17:54:0,-45.972338823275734
17:54:1,-46.46410341764958
17:54:3,-44.65467680717587
17:54:4,-43.203228451450606
17:54:5,-39.226659493045645
17:54:7,-41.03457622831502
17:55:28,-51.27102395752545
17:55:29,-49.380231591077305
17:55:31,-52.53590777753635
17:55:32,-45.48232356012198
17:55:34,-47.60594390944382
17:55:35,-49.33774549938764
17:55:36,-44.57067553780827
17:55:38,-47.15002704056889
17:55:39,-46.81728261226732
17:55:40,-46.26689035931783
17:55:42,-52.17525762879954
17:55:43,-47.98066669570312
17:55:45,-47.973842879494526
17:55:46,-46.37203487274832
17:55:47,-49.64632305581593
17:55:49,-50.10660939201331
17:55:50,-51.60801933393513
17:55:52,-51.83811246423636
17:55:53,-50.18235805457312
17:55:55,-49.99249753194593
17:55:56,-50.36893349080337
17:55:57,-49.771989851902404
17:55:59,-50.21303149485086
17:56:0,-47.78361235874888
17:56:1,-49.60563115786734
17:56:3,-50.377196739438006
17:56:4,-51.91616474749197
17:56:6,-48.790952753709014
17:56:7,-50.640090897496066
17:56:8,-50.07949020422787
17:56:10,-48.942573861600934
17:56:11,-47.17533278633982
17:56:13,-46.22304194224989
17:56:14,-44.87518669473565
17:56:15,-46.41327211926284
17:56:17,-47.930996377389796
17:56:18,-46.93479942298726
17:56:20,-45.46387505605808
17:56:21,-46.97968506957254
17:56:22,-46.03103337793149
17:56:24,-46.879178423823575
17:56:25,-45.87517554468541
17:56:27,-42.632227363685786
17:56:28,-38.49380122013728
17:56:29,-43.399424522775334
17:56:31,-42.95684025603656
17:56:32,-43.1147675569018
17:56:34,-41.09826170703717
17:56:35,-43.09546397564666
17:56:36,-40.577697922546896
17:56:38,-37.86956606780863
17:56:39,-40.58132129697302
17:56:41,-43.6115940818205
17:56:42,-39.13292049988263
17:56:43,-44.70428277678046
17:56:45,-47.95247681886301
17:56:46,-47.12817545764964
17:56:48,-47.2794958878712
17:56:49,-47.05568278476073
17:56:50,-47.595578045365095
17:56:52,-50.450027097274706
17:56:53,-47.860708278422564
17:56:55,-43.57797663850033
17:56:56,-43.75012777141389
17:56:57,-48.138174121010465
17:56:59,-49.83810178568529
17:57:0,-49.13365408348576
17:57:2,-48.73714225389257
17:57:3,-45.63635345237587
17:57:4,-48.250992878846894
17:57:6,-44.726977598916065
17:57:7,-49.21486179980511
17:57:9,-47.31396734205707
17:57:10,-49.18277325727992
17:57:11,-49.29804576389867
17:57:13,-48.06428282174325
17:57:14,-48.35809581994685
17:57:16,-48.88349190602425
17:57:17,-47.5007285837857
17:57:18,-46.18720346063935
17:57:20,-48.24117012453978
17:57:21,-45.75656002552576
17:57:23,-44.01104971664236
17:57:24,-47.43676244367704
17:57:25,-47.09013943564524
17:57:27,-46.285440516771324
17:57:28,-49.17772048705171
17:57:30,-49.83616054267773
17:57:31,-47.459931478914214
17:57:32,-48.41166514248108
17:57:34,-47.56787570975398
17:57:35,-47.17615929982082
17:57:37,-51.73278021943684
17:57:38,-45.54793088049881
17:57:39,-48.57073254551268
17:57:41,-52.22295409516546
17:57:42,-49.529914358408476
17:57:44,-49.26937969885513
17:57:45,-49.57651953315107
17:57:46,-49.42321065111129
17:57:48,-50.15892282239336
17:57:49,-51.04548030756463
17:57:51,-50.76338188367024
17:57:52,-47.504513054271705
17:57:53,-48.51860614591395
17:57:55,-45.98462460225781
17:57:56,-43.278623768120646
17:57:58,-46.19851899593107
17:57:59,-42.17376463631757
17:58:0,-42.851032951709925
17:58:2,-38.79645675274694
17:58:3,-45.269130857488264
17:58:5,-42.87276362024191
17:58:6,-43.522671228473484
17:58:7,-43.65759588772916
17:58:9,-41.0730033632838
17:58:10,-41.7798864847817
17:58:11,-42.48790061873138
17:58:13,-44.596302143076
17:58:14,-41.7977500480811
17:58:16,-43.564248955854445
17:58:17,-41.586515528052566
17:58:19,-40.350338405769705
17:58:20,-43.148179793823466
17:58:21,-42.410614105578695
17:58:23,-42.823527699228194
17:58:24,-42.60519930748525
17:58:26,-40.44527338482317
17:58:27,-42.198915336231224
17:58:28,-40.96138721337665
17:58:30,-42.19400013928385
17:58:31,-42.64521867676757
17:58:33,-39.666035690765284
17:58:34,-39.988708664732954
17:58:35,-42.09995804145854
17:58:37,-42.35831735399632
17:58:38,-43.46206138444166
17:58:40,-43.648759830811116
17:58:41,-42.906501182963474
17:58:42,-43.284119738052624
17:58:44,-42.27321099628526
17:58:45,-43.69808277455525
17:58:46,-43.36956243214278
17:58:48,-43.46707201340223
17:58:49,-42.831385256836725
17:58:50,-40.4238104568503
17:58:52,-41.64259928379651
17:58:53,-43.47895466836147
17:58:55,-40.13890835078003
17:58:56,-41.6605945969744
17:58:57,-41.387268367866234
17:58:59,-44.24721797735259
17:59:0,-45.060485459045516
17:59:1,-41.72627498278713
17:59:3,-43.301172410243495
17:59:4,-44.385998817277226
17:59:6,-41.655576161545284
17:59:7,-45.49027304134892
17:59:8,-41.60961715341553
17:59:10,-35.132639373500425
17:59:11,-36.39892553805641
17:59:13,-37.12170519623878
17:59:14,-32.98742718269479
17:59:15,-36.47494990842876
17:59:17,-34.05372281919161
17:59:18,-39.26888115414876
17:59:19,-37.887323334850706
17:59:21,-41.59935346041752
17:59:22,-32.05173166557608
17:59:24,-38.313862793991106
17:59:25,-36.94740578930446
17:59:26,-40.11004635826684
17:59:28,-41.9271099176865
17:59:29,-43.147448317874364
17:59:31,-40.77705208537033
17:59:32,-42.05426741518884
17:59:33,-39.93293478289969
17:59:35,-40.84960193899328
17:59:36,-37.58444217121606
17:59:38,-44.98043168300476
17:59:39,-42.23594567058576
17:59:41,-44.231156891351915
17:59:42,-44.32805471952976
17:59:43,-44.86048360766183
17:59:45,-45.8867082408545
17:59:46,-44.908705050516
17:59:48,-42.457219854150985
17:59:49,-44.49512547560339
17:59:50,-40.64220234696329
17:59:52,-40.99342307559737
17:59:53,-44.08139208179329
17:59:55,-38.992529106512414
17:59:56,-41.8703115171449
17:59:57,-38.95439502222984
17:59:59,-40.420255008100874
18:0:0,-37.31807789718491
18:0:1,-36.87543058552157
18:0:3,-41.1209378198826
18:0:4,-40.13140539928535
18:0:6,-33.76295757751957
18:0:7,-31.033664809458923
18:0:8,-27.788126456589374
18:0:10,-29.105383128894296
18:0:11,-32.697538438772725
18:0:13,-30.35142455882983
18:0:14,-31.037328154075837
18:0:15,-27.485081317460228
18:0:17,-20.068764452424162
18:0:18,-22.289349837683105
18:0:19,-28.97780693763353
18:0:21,-36.027940100738554
18:0:22,-35.11941106727997
18:0:24,-31.195091424063218
18:0:25,-34.47092473856439
18:0:26,-36.26809799416194
18:0:28,-42.27691314769939
18:0:29,-41.49500497657375
18:0:31,-44.71424345706474
18:0:32,-44.040017674423794
18:0:33,-39.88517569029857
18:0:35,-36.99130618064204
18:0:36,-41.589542385120346
18:0:37,-39.28882300659643
18:0:39,-44.995294301867645
18:0:40,-46.02005352588168
18:0:42,-42.29957156120473
18:0:43,-43.22747303890974
18:0:44,-45.76327889099819
18:0:46,-41.670497034558096
18:0:47,-41.34211897586924
18:0:48,-38.418150370476695
18:0:50,-41.03398873225676
18:0:51,-36.71729370897629
18:0:53,-32.100403078806224
18:0:54,-32.85004558874351
18:0:55,-30.97700061161563
18:0:57,-36.552151517768365
18:0:58,-42.26885406292056
18:0:59,-47.105794952668234
18:1:1,-44.31436095075799
18:1:2,-45.754607875460934
18:1:4,-43.91773707318957
18:1:5,-42.01578484361966
18:1:6,-38.14100190965345
18:1:8,-45.31144116707218
18:1:9,-44.16600494709676
18:1:11,-40.27827189664178
18:1:12,-42.90034668704606
18:1:13,-41.14382505381413
18:1:15,-40.275600324102776
18:1:16,-41.31560539970877
18:1:17,-43.05711711003148
18:1:19,-41.39217022282914
18:1:20,-42.44110595025032
18:1:22,-37.508842262996666
18:1:23,-38.226589266073994
18:1:24,-43.42781353112527
18:1:26,-40.88280412544427
18:1:27,-37.077473471190714
18:1:29,-37.55746978288978
18:1:30,-37.37594385369404
18:1:31,-41.424192678232444
18:1:33,-41.26418050022828
18:1:34,-43.862743466517635
18:1:36,-42.62235378721496
18:1:37,-40.78338192402734
18:1:39,-43.33940344284818
18:1:40,-43.22851894682651
18:1:41,-37.796292083378795
18:1:43,-43.36498548617836
18:1:44,-39.80680046963637
18:1:46,-38.42734785145706
18:1:47,-43.3230643153541
18:1:49,-41.46965436555058
18:1:50,-42.55209184546774
18:1:51,-36.98622415287896
18:1:53,-40.756188846683074
18:1:54,-41.46960016473919
18:1:56,-41.092538023430706
18:1:57,-41.47035127543035
18:1:58,-40.1642813558408
18:2:0,-39.32154493867487
18:2:1,-38.42458973462715
18:2:3,-36.23862895138041
18:2:4,-39.00730589419548
18:2:5,-37.82546961759466
18:2:7,-39.58257622932655
18:2:8,-36.095715471133374
18:2:10,-34.62585585571591
18:2:11,-36.35704990243089
18:2:12,-38.558811468833575
18:2:14,-36.40351287123571
18:2:15,-36.56834901469658
18:2:17,-37.39033149311797
18:2:18,-34.749645842961925
18:2:19,-37.44982241821897
18:2:21,-37.13712563661355
18:2:22,-33.53320310566644
18:2:24,-37.379544837585826
18:2:25,-34.20351973013722
18:2:26,-36.192505233660256
18:2:28,-33.39853035006363
18:2:29,-34.168439492470256
18:2:31,-36.60569352543071
18:2:32,-34.10701723785064
18:2:34,-38.49992979242951
18:2:35,-36.79957466829094
18:2:36,-36.258977866132874
18:2:38,-36.6747890615871
18:2:39,-33.813464562430674
18:2:41,-33.92565904433085
18:2:42,-30.066968756068984
18:2:44,-38.37923589923508
18:2:45,-35.40582684264265
18:2:46,-34.31754378132339
18:2:48,-29.053615922320112
18:2:49,-25.513776851407158
18:2:50,-31.542453775752385
18:2:52,-31.679509048326192
18:2:53,-34.52373793448787
18:2:55,-32.718592878227206
18:2:56,-36.4304201388563
18:2:58,-34.779419169606186
18:2:59,-34.241343966243065
18:3:0,-33.04569297777557
18:3:2,-31.848562041422475
18:3:3,-37.17111006554129
18:3:4,-37.48987825138133
18:3:6,-37.002232781007976
18:3:7,-41.286278723551
18:3:9,-40.430306463555866
18:3:10,-38.83258484270302
18:3:11,-37.84495801171112
18:3:13,-39.2669439931901
18:3:14,-40.36145086635976
18:3:15,-39.23828949011871
18:3:17,-39.59257330860482
18:3:18,-38.56590931476307
18:3:19,-43.64483468171776
18:3:21,-40.49083033285107
18:3:22,-40.753406183621266
18:3:24,-39.77151914930415
18:3:25,-40.905062947272526
18:3:26,-34.19441755797512
18:3:28,-38.085640811373786
18:3:29,-40.621532527122284
18:3:31,-39.01759386091259
18:3:32,-39.425744883050726
18:3:33,-38.334097202228016
18:3:35,-37.22118183217332
18:3:36,-38.8643642959124
18:3:38,-41.333859048293675
18:3:39,-40.49046408035351
18:3:41,-38.43051557571121
18:3:42,-38.92144465823494
18:3:43,-40.33229343913191
18:3:45,-41.84691283384389
18:3:46,-40.29579073193507
18:3:48,-40.78631488664478
18:3:49,-39.99402006955938
18:3:51,-39.32578001424369
18:3:52,-41.365555365883296
18:3:54,-40.555534530856164
18:3:55,-39.77587904731804
18:3:56,-42.6950162746584
18:3:58,-41.51539512479643
18:3:59,-45.26496078616524
18:4:1,-42.7647926917798
18:4:2,-43.2180441752325
18:4:3,-46.1644373194002
18:4:5,-44.39679271109248
18:4:6,-42.65272823262216
18:4:8,-42.6478000781922
18:4:9,-43.94491994214925
18:4:10,-44.3469704385588
18:4:12,-44.05668508748487
18:4:13,-45.89806544670486
18:4:15,-46.85896471459303
18:4:16,-46.04104646788169
18:4:18,-45.92966160285043
18:4:19,-48.74108134997394
18:4:20,-48.40951274214555
18:4:22,-48.78501860426609
18:4:23,-48.979734575777876
18:4:25,-45.72589012047801
18:4:26,-49.613109475249786
18:4:27,-49.136876468602615
18:4:29,-46.23809562134885
18:4:30,-47.811988914315876
18:4:32,-48.709890101995796
18:4:33,-50.36284781183586
18:4:35,-40.41068928881274
18:4:36,-49.89996366569162
18:4:37,-43.13471554496857
18:4:39,-44.93755661787642
18:4:40,-48.57045890298336
18:4:42,-50.08436625184068
18:4:43,-50.20730391667197
18:4:44,-51.28162985393508
18:4:46,-46.1227414758259
18:4:47,-46.69149821644577
18:4:49,-52.07314913860862
18:4:50,-50.36942042356033
18:4:52,-52.1507357055345
18:4:53,-51.260793436043045
18:4:54,-52.05909573314541
18:4:56,-51.900799403993176
18:4:57,-51.175442241598326
18:4:59,-51.11913768183711
18:5:0,-41.98838978108788
18:5:2,-49.50626684032477
18:5:3,-48.52640791198822
18:5:4,-48.58409286806092
18:5:6,-49.26945599001752
18:5:7,-48.71074096586131
18:5:8,-49.776263930995064
18:5:10,-50.10072793611713
18:5:11,-48.58293060043928
18:5:13,-46.831144912932984
18:5:14,-49.19810223956725
18:5:15,-50.31402932903423
18:5:17,-42.193099404130706
18:5:18,-47.63964865377304
18:5:20,-48.24406476607522
18:5:21,-46.38508208611068
18:5:23,-45.076542659554704
18:5:24,-47.346156051032295
18:5:25,-47.0476274856466
18:5:27,-49.403417988504586
18:5:28,-46.577718011035245
18:5:30,-47.65573467943655
18:5:31,-49.02154166557058
18:5:32,-48.82999595659483
18:5:34,-47.711391368977445
18:5:35,-49.61296775941981
18:5:37,-46.63499403929788
18:5:38,-46.89173895079851
18:5:40,-46.66984015834312
18:5:41,-39.46214387052505
18:5:42,-45.24378612011474
18:5:44,-46.14096566235502
18:5:45,-45.56717776199164
18:5:47,-44.459864816139614
18:5:48,-39.82287817279126
18:5:50,-37.23000550249516
18:5:51,-35.9698332274252
18:5:52,-33.50409465641831
18:5:54,-26.969483574755742
18:5:55,-34.65480287895814
18:5:57,-31.03170239566724
18:5:58,-29.755108515953275
18:5:59,-37.00749414027892
18:6:1,-30.181907180883524
18:6:2,-32.30639407437418
18:6:4,-27.348871606578214
18:6:5,-29.271620835373696
18:6:6,-25.17212694840509
18:6:8,-28.87514903352021
18:6:9,-25.65670340317191
18:6:11,-30.182438198339998
18:6:12,-26.24975608186436
18:6:14,-28.706818388798464
18:6:15,-26.855165127439857
18:6:16,-30.24696013906642
18:6:18,-28.607519212502122
18:7:28,-34.53573955299455
18:7:29,-32.55776732042647
18:7:30,-32.45567086725549
18:7:32,-36.2521603992087
18:7:33,-32.89345202982315
18:7:35,-35.2501219681827
18:7:36,-34.412375587168604
18:7:37,-34.809602333284374
18:7:39,-39.221414574482736
18:7:40,-35.522945838930404
18:7:41,-38.52292069538622
18:7:43,-39.18048437528012
18:7:44,-39.249925957477096
18:7:46,-35.46052793029729
18:7:47,-37.80181433877044
18:7:48,-39.91583825718601
18:7:50,-42.51436359383504
18:7:51,-41.87318907832523
18:7:52,-42.477184576826346
18:7:54,-36.38242343232165
18:7:55,-40.42855112710289
18:7:57,-38.972631043656506
18:7:58,-41.286549416552646
18:7:59,-38.76269067465954
18:8:1,-38.86340072759317
18:8:2,-40.63299804166415
18:8:4,-37.36787879419812
18:8:5,-38.88834088449243
18:8:6,-39.68992107379669
18:8:8,-36.16569996439931
18:8:9,-39.60564278180763
18:8:11,-42.122804572272145
18:8:12,-41.86792651199844
18:8:14,-37.561352419505745
18:8:15,-36.84186710573579
18:8:16,-34.05543164397007
18:8:18,-36.93754046204251
18:8:19,-35.15841173779971
18:8:20,-38.475189698339435
18:8:22,-42.92384523539535
18:8:23,-39.12775793006972
18:8:25,-36.90040931054787
18:8:26,-38.05770197673346
18:8:27,-40.732399954610855
18:8:29,-40.027245497827394
18:8:30,-37.659879458535585
18:8:32,-35.29805610178348
18:8:33,-36.43480945423528
18:10:33,-35.34170071818589
18:10:34,-33.30096786405997
18:10:36,-34.68443794524225
18:10:37,-34.24399845504702
18:10:38,-34.66644742100601
18:10:40,-34.93701437358436
18:10:41,-34.99686952933332
18:10:43,-33.37327758776986
18:10:44,-34.751986848944235
18:10:45,-33.29496173437904
18:10:47,-35.25909402091572
18:10:48,-36.94508779696092
18:10:49,-32.45373189989161
18:10:51,-32.87167499773349
18:10:52,-33.486231496854806
18:10:54,-32.84998733329224
18:10:55,-33.18481562796566
18:10:56,-32.5198092222402
18:10:58,-31.418909848699172
18:10:59,-30.473893928348286
18:11:1,-28.82918456544924
18:11:2,-31.89859448153477
18:11:3,-32.89563550794569
18:11:5,-34.63993930149383
18:11:6,-25.193813743912287
18:11:8,-33.408723564336334
18:11:9,-35.246940901794915
18:11:11,-35.08693104872659
18:11:12,-32.33175963911565
18:11:13,-33.18481639815551
18:11:15,-36.86910857668416
18:11:16,-37.086353811824104
18:11:18,-35.08834211267177
18:11:19,-38.18873523318031
18:11:20,-39.8411442968431
18:11:22,-39.45235376481848
18:11:23,-38.61207656170985
18:11:25,-39.292145900367544
18:11:26,-40.48014305904876
18:11:27,-42.11618953968373
18:11:29,-39.412361441484066
18:11:30,-40.740842576169676
18:11:32,-38.055826801211914
18:11:33,-42.12730637230149
18:11:35,-39.647092459306734
18:11:36,-39.660072581291914
18:11:37,-39.244519036320455
18:11:39,-43.098524622317065
18:11:40,-44.23777362041445
18:11:42,-45.03579160312881
18:11:43,-42.602960797248556
18:11:44,-39.77624424391411
18:11:46,-40.13279283831209
18:11:47,-47.51110141918793
18:11:49,-45.05579848469555
18:11:50,-42.18421873000181
18:11:51,-44.780098797477706
18:11:53,-44.03849975629462
18:11:54,-44.79064835807088
18:11:56,-44.14241012316499
18:11:57,-43.889222636994106
18:11:59,-44.884189710220745
18:12:0,-44.24410227727002
18:12:1,-42.38813243686885
18:12:3,-45.77354056287231
18:12:4,-45.128928910412526
18:12:6,-46.50012731534134
18:12:7,-41.52767943400103
18:12:8,-42.38207984412468
18:12:10,-42.06183665117581
18:12:11,-45.009322878657024
18:12:13,-43.045480010007786
18:12:14,-39.37734232586831
18:12:16,-41.88278845333403
18:12:17,-41.77292864520807
18:12:19,-40.48645833070233
18:12:20,-37.221689559760506
18:12:22,-37.68723469556947
18:12:23,-36.37010266692388
18:12:24,-35.060408318526434
18:12:26,-34.34632288708898
18:12:27,-37.03298164429092
18:12:29,-39.9625761442905
18:12:30,-35.30754144921134
18:12:31,-28.38604143046787
18:12:33,-33.53131404693555
18:12:34,-36.01326249861018
18:12:36,-26.97521543368495
18:12:37,-34.79511382055436
18:12:39,-33.423922404906385
18:12:40,-32.90302038323783
18:12:41,-31.639516375713068
18:12:43,-28.946891230739435
18:12:44,-27.685828722633993
18:12:46,-24.89639625688764
18:12:47,-24.63174914919898
18:12:48,-20.166490506062832
18:12:50,-23.190128007433625
18:12:51,-22.574917879534198
18:12:53,-18.387751170771022
18:12:54,-20.594788368992173
18:12:56,-20.33056903238066
18:12:57,-19.91737440540313
18:12:58,-21.376103244347398
18:13:0,-22.632558060486065
18:13:1,-24.582085853198837
18:13:2,-22.050762804560385
18:13:4,-21.198306201385613
18:13:5,-25.864720181271764
18:13:7,-21.772043643402203
18:13:8,-27.078003760392612
18:13:10,-23.961460792544337
18:13:11,-25.357654630287808
18:13:12,-22.913935101482508
18:13:14,-19.447109936998178
18:13:15,-23.226572158799875
18:13:16,-20.97054156316798
18:13:18,-18.28049660805885
18:13:19,-18.142976803809063
18:13:21,-18.377780754114575
18:13:22,-16.994121909734677
18:13:23,-19.673751816195555
18:13:25,-19.223245644726404
18:13:26,-21.522395031787525
18:13:27,-21.882503277568397
18:13:29,-20.623456455039097
18:13:30,-20.372049464223196
18:13:31,-20.536732251615
18:13:33,-20.102161383777783
18:13:34,-19.772831556282725
18:13:36,-19.831645164831805
18:13:37,-18.69075333684665
18:13:38,-18.435283892332418
18:13:40,-17.642948478019616
18:13:41,-18.586591996754564
18:13:43,-16.381872784039455
18:13:44,-18.1563406294857
18:13:45,-26.49845776883014
18:13:47,-21.953363850081065
18:13:48,-26.558537114843336
18:13:50,-20.11496996987258
18:13:51,-21.088758028711013
18:13:52,-27.55208645010476
18:13:54,-20.451092574301228
18:13:55,-21.125412036391108
18:13:57,-22.825567681221813
18:13:58,-22.399868161354707
18:13:59,-25.907453088295817
18:14:1,-27.61120634159294
18:14:2,-28.578782199223074
18:14:4,-29.73788131321717
18:14:5,-24.766524185537282
18:14:6,-30.85910362103874
18:14:8,-29.33444528105984
18:14:9,-24.687602729253296
18:14:48,-27.31153607613986
18:14:49,-23.116049882663553
18:14:51,-28.910599587024418
18:14:52,-28.623948938464935
18:14:53,-21.32116325172325
18:14:55,-25.01772961419256
18:14:56,-27.683258673786007
18:14:58,-34.32236253768251
18:14:59,-32.23902661404158
18:15:1,-32.345175823082464
18:15:2,-30.796439235271965
18:15:3,-27.98373928399174
18:15:5,-30.878465464007792
18:15:6,-31.86318316540266
18:15:8,-30.392260213951076
18:15:9,-27.800270170306682
18:15:11,-27.886145940105877
18:15:12,-26.189031404412127
18:15:13,-26.293296487703948
18:15:15,-26.700908458802143
18:15:16,-24.157345282901144
18:15:17,-27.028957500497782
18:15:19,-27.9977522324684
18:15:20,-25.72425185690988
18:15:22,-26.64735100661818
18:15:23,-22.61468512476295
18:15:25,-27.275319255030457
18:15:26,-26.57112816931033
18:15:27,-28.77266336649388
18:15:29,-27.02839982996696
18:15:30,-26.234561165158283
18:15:31,-27.309994554288618
18:15:33,-24.985039962603945
18:15:34,-27.317910357873792
18:15:36,-26.515445264714042
18:15:37,-28.3849875216997
18:15:38,-28.381273729564036
18:15:40,-27.085947542793146
18:15:41,-27.454399102404295
18:15:43,-25.629119959737075
18:15:44,-25.61060791348018
18:15:45,-23.80461558580329
18:15:47,-26.6661804621986
18:15:48,-28.373636129834917
18:15:50,-28.115129586015385
18:15:51,-27.091006096251007
18:15:52,-26.098857855266044
18:15:54,-29.082829434328318
18:15:55,-28.268770334918297
18:15:57,-30.135409004370715
18:15:58,-28.900832061847783
18:16:0,-28.662348329549975
18:16:1,-30.993211336908235
18:16:2,-31.642048172490593
18:16:4,-29.92739426973602
18:16:5,-28.734518415350486
18:16:7,-27.583918572219194
18:16:8,-26.49092838919033
18:16:9,-26.955996965139132
18:16:11,-30.140988066699123
18:16:12,-29.709631586915908
18:16:14,-30.562209273913798
18:16:15,-25.930165739713566
18:16:16,-27.641292901024492
18:16:18,-31.145554859380642
18:16:19,-33.28843202461522
18:16:21,-32.10187285755963
18:16:22,-32.88918096098848
18:16:24,-30.658734332716712
18:16:25,-30.14354691221184
18:16:26,-32.124978394538005
18:16:28,-32.96939104748062
18:16:29,-29.35089920571661
18:16:31,-29.65618144781571
18:16:32,-28.07885992426051
18:16:33,-27.387302045638556
18:16:35,-27.34988024810329
18:16:36,-30.03614862485982
18:16:38,-28.506230256236208
18:16:39,-26.17345615571994
18:16:40,-25.052715671229926
18:16:42,-27.60358819028472
18:16:43,-33.46969643109438
18:16:45,-28.427003095422254
18:16:46,-29.306817468267088
18:16:48,-26.917096053509738
18:16:49,-27.43759300422348
18:16:50,-30.62334362458659
18:16:52,-29.969566711251577
18:16:53,-31.29237879617273
18:16:55,-30.52232435564495
18:16:56,-32.34307182268872
18:16:57,-30.254285510230382
18:16:59,-31.493753036647874
18:17:0,-30.280075133896247
18:17:1,-27.23188332172013
